<?xml version="1.0" encoding="utf-8"?>
<AccountUserOption>
  <Version Value="1.006000" />
  <DataInfo Type="14" Index="0" />
  <UISkillBookData>
    <SkillBookOption>
      <ListGroupItem>
        <CharacterName>Name_사상검증필수</CharacterName>
        <NewActiveSkillList />
        <NewSpecialSkillList />
        <NewIdentitySkillList />
        <ShowEffect>1</ShowEffect>
        <RecommendationGuide>1</RecommendationGuide>
      </ListGroupItem>
      <ListGroupItem>
        <CharacterName>Name_솔직히저는잘해요</CharacterName>
        <NewActiveSkillList />
        <NewSpecialSkillList />
        <NewIdentitySkillList />
        <ShowEffect>1</ShowEffect>
        <RecommendationGuide>1</RecommendationGuide>
      </ListGroupItem>
    </SkillBookOption>
  </UISkillBookData>
  <UIBuddyData>
    <BuddyRecentOption>
      <ListGroupItem>
        <CharacterName>사상검증필수</CharacterName>
      </ListGroupItem>
      <ListGroupItem>
        <CharacterName />
      </ListGroupItem>
      <ListGroupItem>
        <CharacterName>솔직히저는잘해요</CharacterName>
      </ListGroupItem>
    </BuddyRecentOption>
    <BuddyRequestOption>
      <ListGroupItem>
        <CharacterName>Name_사상검증필수</CharacterName>
        <BuddyNames />
      </ListGroupItem>
      <ListGroupItem>
        <CharacterName>Name_</CharacterName>
        <BuddyNames />
      </ListGroupItem>
      <ListGroupItem>
        <CharacterName>Name_솔직히저는잘해요</CharacterName>
        <BuddyNames />
      </ListGroupItem>
    </BuddyRequestOption>
  </UIBuddyData>
  <UISocialData>
    <SocialOption>
      <ListGroupItem>
        <CharacterName>Name_사상검증필수</CharacterName>
        <NewSocialList />
      </ListGroupItem>
      <ListGroupItem>
        <CharacterName>Name_솔직히저는잘해요</CharacterName>
        <NewSocialList />
      </ListGroupItem>
    </SocialOption>
  </UISocialData>
  <UIGuildData />
  <MinimapOption>
    <Zoom>100.000000</Zoom>
    <Opacity>0.500000</Opacity>
    <ExpandedMinimapMoveX>0.000000</ExpandedMinimapMoveX>
    <ExpandedMinimapMoveY>0.000000</ExpandedMinimapMoveY>
  </MinimapOption>
  <UILifeSkill>
    <OpenedGuide Length="8">
      <ListItem>0</ListItem>
      <ListItem>0</ListItem>
      <ListItem>0</ListItem>
      <ListItem>0</ListItem>
      <ListItem>0</ListItem>
      <ListItem>0</ListItem>
      <ListItem>0</ListItem>
      <ListItem>0</ListItem>
    </OpenedGuide>
    <SelectedProfession>1</SelectedProfession>
  </UILifeSkill>
  <UIQuickMenu />
  <UIItemDictionary />
  <UIMileStoneData />
  <UICashShopData />
  <UICashShopDressroomSchedule>
    <SaveCashShopDressroomScheduleKey>546</SaveCashShopDressroomScheduleKey>
  </UICashShopDressroomSchedule>
  <UIPracticeData>
    <HighlightSkillBookBtn>1</HighlightSkillBookBtn>
  </UIPracticeData>
  <UIAnchorMode />
  <UIAnchorModeCrewCategory>
    <CrewCategory>0</CrewCategory>
  </UIAnchorModeCrewCategory>
  <UIShopMyClass>
    <MyClassCheck>1</MyClassCheck>
  </UIShopMyClass>
  <UIBarterMyClass>
    <MyClassCheck>1</MyClassCheck>
  </UIBarterMyClass>
  <UIRollBookData>
    <RollBookOption>
      <ListGroupItem>
        <WorldId>12</WorldId>
        <LatestAttendanceDay>2021-12-4 6:0:0:0</LatestAttendanceDay>
      </ListGroupItem>
      <ListGroupItem>
        <WorldId>10</WorldId>
        <OtherShowEffectDay Day="139">1</OtherShowEffectDay>
        <LatestAttendanceDay>2021-12-4 6:0:0:0</LatestAttendanceDay>
      </ListGroupItem>
    </RollBookOption>
  </UIRollBookData>
  <GuildResearchNewMark />
  <GuildSkillNewMark />
  <EventMissionNewMarkData />
  <UIShipAvatarData />
  <SystemOptionData />
  <TownWarehouseOptionData>
    <HighlightTownWarehouseTab>0</HighlightTownWarehouseTab>
  </TownWarehouseOptionData>
  <SelfieModeOption>
    <Visible_PlayerOption>0</Visible_PlayerOption>
    <Visible_NPC_Townsfolk>1</Visible_NPC_Townsfolk>
    <Visible_NPC_Monster>1</Visible_NPC_Monster>
    <Visible_Pet_LocalPlayer>1</Visible_Pet_LocalPlayer>
    <Visible_Pet_OtherPlayer>1</Visible_Pet_OtherPlayer>
    <Visible_NameTag_LocalPlayer>1</Visible_NameTag_LocalPlayer>
    <Visible_NameTag_OtherPlayer>1</Visible_NameTag_OtherPlayer>
    <Visible_NameTag_NPC>1</Visible_NameTag_NPC>
    <FOVType>0</FOVType>
    <WaterMarkType>0</WaterMarkType>
    <Start_Close_SettingUI>0</Start_Close_SettingUI>
  </SelfieModeOption>
  <TownInfoOption>
    <ArrivalTradeId>201</ArrivalTradeId>
    <TownEnterDateTime />
  </TownInfoOption>
  <VehicleOption>
    <CheckBookmark>0</CheckBookmark>
  </VehicleOption>
  <EventGuideLockTime />
  <PCOptions>
    <ListGroupItem>
      <CharacterName>Name_사상검증필수</CharacterName>
      <CharacterNumber>PCID_158948616</CharacterNumber>
      <LastWhisper />
      <LastEmoticon />
      <Music>
        <ReturnAreaName />
        <BookMarkCheck>0</BookMarkCheck>
      </Music>
      <Social>
        <BookMarkCheck>0</BookMarkCheck>
      </Social>
      <GameData>
        <LastNormalGuardianRaidId>0</LastNormalGuardianRaidId>
        <LastChallengeGuardianRaidId>0</LastChallengeGuardianRaidId>
        <LastEpicGuardianRaidId>0</LastEpicGuardianRaidId>
        <LastEpicGateZoneInfo>0</LastEpicGateZoneInfo>
        <LastEventEpicGateZoneInfo>0</LastEventEpicGateZoneInfo>
        <LastEpicGateCommanderZoneInfo>0</LastEpicGateCommanderZoneInfo>
      </GameData>
      <CurrencyData>
        <ExpandedCategory />
      </CurrencyData>
      <TokenItemData>
        <FoldedCategory />
        <CheckedOwnedItem>0</CheckedOwnedItem>
      </TokenItemData>
      <UIQuickMenu>
        <QuickMenuNewIconList Length="1">
          <ListItem>3</ListItem>
        </QuickMenuNewIconList>
      </UIQuickMenu>
      <UIOption>
        <ChatOption Tag="ChatDefaultUIAlpha">65.000000</ChatOption>
        <ChatOption Tag="ChatDefaultFontSize">13.000000</ChatOption>
        <ChatOption Tag="FriendLogin">1.000000</ChatOption>
        <ChatOption Tag="FriendLogout">1.000000</ChatOption>
        <ChatOption Tag="GuildLogin">1.000000</ChatOption>
        <ChatOption Tag="GuildLogout">1.000000</ChatOption>
        <ChatOption Tag="RequestTrade">0.000000</ChatOption>
        <ChatOption Tag="RequestGuild">0.000000</ChatOption>
        <ChatOption Tag="RequestFriend">0.000000</ChatOption>
        <ChatOption Tag="RequestDuel">0.000000</ChatOption>
        <ChatOption Tag="RequestParty">0.000000</ChatOption>
        <ChatOption Tag="RequestKeepParty">0.000000</ChatOption>
        <ChatOption Tag="ChatTimeShow">1.000000</ChatOption>
        <ChatOption Tag="TtsChannel">0.000000</ChatOption>
        <ChatOption Tag="TtsSpeed">0.000000</ChatOption>
        <ChatOption Tag="TtsVolume">50.000000</ChatOption>
        <ChatFilterColor Tag="EFChatUIFilter_Normal">0xFFFFFF</ChatFilterColor>
        <ChatFilterColor Tag="EFChatUIFilter_Party">0x5FD4F2</ChatFilterColor>
        <ChatFilterColor Tag="EFChatUIFilter_Local">0xFDEBA3</ChatFilterColor>
        <ChatFilterColor Tag="EFChatUIFilter_Social">0xFA7FA5</ChatFilterColor>
        <ChatFilterColor Tag="EFChatUIFilter_Whisper">0xE69CFF</ChatFilterColor>
        <ChatFilterColor Tag="EFChatUIFilter_Guild">0x90EA6B</ChatFilterColor>
        <ChatFilterColor Tag="EFChatUIFilter_System_Infomation">0xFFEC50</ChatFilterColor>
        <ChatFilterColor Tag="EFChatUIFilter_System_Error">0xE75940</ChatFilterColor>
        <ChatFilterColor Tag="EFChatUIFilter_System_Warning">0xE73517</ChatFilterColor>
        <ChatFilterColor Tag="EFChatUIFilter_Gain_Self">0xFFEC50</ChatFilterColor>
        <ChatFilterColor Tag="EFChatUIFilter_Gain_Party">0xFFEC50</ChatFilterColor>
        <ChatFilterColor Tag="EFChatUIFilter_Experience">0xFFEC50</ChatFilterColor>
        <ChatFilterColor Tag="EFChatUIFilter_Money">0xFFEC50</ChatFilterColor>
        <ChatFilterColor Tag="EFChatUIFilter_Troop">0xFFA200</ChatFilterColor>
        <ChatFilterColor Tag="EFChatUIFilter_ColosseumRoom">0xFFB9A2</ChatFilterColor>
        <ChatFilterColor Tag="EFChatUIFilter_Friend">0Xffec50</ChatFilterColor>
        <ChatFilterColor Tag="EFChatUIFilter_Yell">0X56ffd6</ChatFilterColor>
        <ChatFilterColor Tag="EFChatUIFilter_GuildMaster">0x90EA6B</ChatFilterColor>
        <ChatFilterColor Tag="EFChatUIFilter_System_Force">0XFFb000</ChatFilterColor>
        <ChatFilterColor Tag="EFChatUIFilter_Tab_Alarm">0XFFFFFF</ChatFilterColor>
        <ChatOptionVersion>12</ChatOptionVersion>
        <ChatUILock>1</ChatUILock>
        <ChatTabOption>
          <ListGroupItem>
            <TabID>1</TabID>
            <TabOrder>0</TabOrder>
            <TabName>일반</TabName>
            <TabWindowMode>0</TabWindowMode>
            <TabPosRateX>0.000000</TabPosRateX>
            <TabPosRateY>0.991667</TabPosRateY>
            <TabSizeW>519.000000</TabSizeW>
            <TabSizeH>275.000000</TabSizeH>
            <TabTTS>0</TabTTS>
            <TabFilterFlags Length="21">
              <ListItem>1</ListItem>
              <ListItem>1</ListItem>
              <ListItem>0</ListItem>
              <ListItem>1</ListItem>
              <ListItem>1</ListItem>
              <ListItem>1</ListItem>
              <ListItem>1</ListItem>
              <ListItem>0</ListItem>
              <ListItem>1</ListItem>
              <ListItem>0</ListItem>
              <ListItem>0</ListItem>
              <ListItem>0</ListItem>
              <ListItem>0</ListItem>
              <ListItem>0</ListItem>
              <ListItem>1</ListItem>
              <ListItem>1</ListItem>
              <ListItem>0</ListItem>
              <ListItem>0</ListItem>
              <ListItem>0</ListItem>
              <ListItem>1</ListItem>
              <ListItem>1</ListItem>
            </TabFilterFlags>
          </ListGroupItem>
          <ListGroupItem>
            <TabID>2</TabID>
            <TabOrder>1</TabOrder>
            <TabName>시스템</TabName>
            <TabWindowMode>0</TabWindowMode>
            <TabPosRateX>0.001563</TabPosRateX>
            <TabPosRateY>0.962000</TabPosRateY>
            <TabSizeW>377.000000</TabSizeW>
            <TabSizeH>259.000000</TabSizeH>
            <TabTTS>0</TabTTS>
            <TabFilterFlags Length="21">
              <ListItem>0</ListItem>
              <ListItem>0</ListItem>
              <ListItem>0</ListItem>
              <ListItem>0</ListItem>
              <ListItem>0</ListItem>
              <ListItem>0</ListItem>
              <ListItem>0</ListItem>
              <ListItem>1</ListItem>
              <ListItem>1</ListItem>
              <ListItem>1</ListItem>
              <ListItem>0</ListItem>
              <ListItem>0</ListItem>
              <ListItem>1</ListItem>
              <ListItem>1</ListItem>
              <ListItem>1</ListItem>
              <ListItem>1</ListItem>
              <ListItem>1</ListItem>
              <ListItem>0</ListItem>
              <ListItem>1</ListItem>
              <ListItem>0</ListItem>
              <ListItem>0</ListItem>
            </TabFilterFlags>
          </ListGroupItem>
          <ListGroupItem>
            <TabID>10</TabID>
            <TabOrder>2</TabOrder>
            <TabName>지역</TabName>
            <TabWindowMode>0</TabWindowMode>
            <TabPosRateX>0.000000</TabPosRateX>
            <TabPosRateY>0.991667</TabPosRateY>
            <TabSizeW>517.000000</TabSizeW>
            <TabSizeH>259.000000</TabSizeH>
            <TabTTS>0</TabTTS>
            <TabFilterFlags Length="21">
              <ListItem>0</ListItem>
              <ListItem>0</ListItem>
              <ListItem>1</ListItem>
              <ListItem>0</ListItem>
              <ListItem>0</ListItem>
              <ListItem>0</ListItem>
              <ListItem>0</ListItem>
              <ListItem>0</ListItem>
              <ListItem>0</ListItem>
              <ListItem>0</ListItem>
              <ListItem>0</ListItem>
              <ListItem>0</ListItem>
              <ListItem>0</ListItem>
              <ListItem>0</ListItem>
              <ListItem>0</ListItem>
              <ListItem>0</ListItem>
              <ListItem>1</ListItem>
              <ListItem>0</ListItem>
              <ListItem>0</ListItem>
              <ListItem>0</ListItem>
              <ListItem>0</ListItem>
            </TabFilterFlags>
          </ListGroupItem>
        </ChatTabOption>
        <ChatMinimize>0</ChatMinimize>
        <CalendarDisableAutoShow>0</CalendarDisableAutoShow>
        <CalendarUIPopupTime>2021-12-28 6:0:0:0</CalendarUIPopupTime>
        <CharacterInfoGemLastSort>0</CharacterInfoGemLastSort>
        <CharacterInfoGemEquipSort>0</CharacterInfoGemEquipSort>
        <CharacterInfoGemSkillSort>0</CharacterInfoGemSkillSort>
      </UIOption>
      <UITutorialData>
        <ActivateTutorial>0</ActivateTutorial>
        <ActivateTutorialRepeatCount>0</ActivateTutorialRepeatCount>
        <FinishedTutorial>0,1010800,530000,1007700,1250400,1011000,1002200,1011100,1010900,1011200,1011300,1000100,1011400,</FinishedTutorial>
      </UITutorialData>
      <VoiceChat>
        <HudU>0.000000</HudU>
        <HudV>0.000000</HudV>
      </VoiceChat>
      <UIBattleFieldRewardLockTime />
    </ListGroupItem>
    <ListGroupItem>
      <CharacterName />
      <CharacterNumber />
      <LastWhisper />
      <LastEmoticon />
      <Music>
        <ReturnAreaName />
        <BookMarkCheck>0</BookMarkCheck>
      </Music>
      <Social>
        <BookMarkCheck>0</BookMarkCheck>
      </Social>
      <GameData>
        <LastNormalGuardianRaidId>0</LastNormalGuardianRaidId>
        <LastChallengeGuardianRaidId>0</LastChallengeGuardianRaidId>
        <LastEpicGuardianRaidId>0</LastEpicGuardianRaidId>
        <LastEpicGateZoneInfo>0</LastEpicGateZoneInfo>
        <LastEventEpicGateZoneInfo>0</LastEventEpicGateZoneInfo>
        <LastEpicGateCommanderZoneInfo>0</LastEpicGateCommanderZoneInfo>
      </GameData>
      <CurrencyData>
        <ExpandedCategory />
      </CurrencyData>
      <TokenItemData>
        <FoldedCategory />
        <CheckedOwnedItem>0</CheckedOwnedItem>
      </TokenItemData>
      <UIQuickMenu />
      <UIOption>
        <ChatOption Tag="ChatDefaultUIAlpha">75.000000</ChatOption>
        <ChatOption Tag="ChatDefaultFontSize">13.000000</ChatOption>
        <ChatOption Tag="FriendLogin">1.000000</ChatOption>
        <ChatOption Tag="FriendLogout">1.000000</ChatOption>
        <ChatOption Tag="GuildLogin">1.000000</ChatOption>
        <ChatOption Tag="GuildLogout">1.000000</ChatOption>
        <ChatOption Tag="RequestTrade">0.000000</ChatOption>
        <ChatOption Tag="RequestGuild">0.000000</ChatOption>
        <ChatOption Tag="RequestFriend">0.000000</ChatOption>
        <ChatOption Tag="RequestDuel">0.000000</ChatOption>
        <ChatOption Tag="RequestParty">0.000000</ChatOption>
        <ChatOption Tag="RequestKeepParty">0.000000</ChatOption>
        <ChatOption Tag="ChatTimeShow">1.000000</ChatOption>
        <ChatOption Tag="TtsChannel">0.000000</ChatOption>
        <ChatOption Tag="TtsSpeed">0.000000</ChatOption>
        <ChatOption Tag="TtsVolume">50.000000</ChatOption>
        <ChatFilterColor Tag="EFChatUIFilter_Normal">0xFFFFFF</ChatFilterColor>
        <ChatFilterColor Tag="EFChatUIFilter_Party">0x5FD4F2</ChatFilterColor>
        <ChatFilterColor Tag="EFChatUIFilter_Local">0xFDEBA3</ChatFilterColor>
        <ChatFilterColor Tag="EFChatUIFilter_Social">0xFA7FA5</ChatFilterColor>
        <ChatFilterColor Tag="EFChatUIFilter_Whisper">0xE69CFF</ChatFilterColor>
        <ChatFilterColor Tag="EFChatUIFilter_Guild">0x90EA6B</ChatFilterColor>
        <ChatFilterColor Tag="EFChatUIFilter_System_Infomation">0xFFEC50</ChatFilterColor>
        <ChatFilterColor Tag="EFChatUIFilter_System_Error">0xE75940</ChatFilterColor>
        <ChatFilterColor Tag="EFChatUIFilter_System_Warning">0xE73517</ChatFilterColor>
        <ChatFilterColor Tag="EFChatUIFilter_Gain_Self">0xFFEC50</ChatFilterColor>
        <ChatFilterColor Tag="EFChatUIFilter_Gain_Party">0xFFEC50</ChatFilterColor>
        <ChatFilterColor Tag="EFChatUIFilter_Experience">0xFFEC50</ChatFilterColor>
        <ChatFilterColor Tag="EFChatUIFilter_Money">0xFFEC50</ChatFilterColor>
        <ChatFilterColor Tag="EFChatUIFilter_Troop">0xFFA200</ChatFilterColor>
        <ChatFilterColor Tag="EFChatUIFilter_ColosseumRoom">0xFFB9A2</ChatFilterColor>
        <ChatFilterColor Tag="EFChatUIFilter_Friend">0Xffec50</ChatFilterColor>
        <ChatFilterColor Tag="EFChatUIFilter_Yell">0X56ffd6</ChatFilterColor>
        <ChatFilterColor Tag="EFChatUIFilter_GuildMaster">0x90EA6B</ChatFilterColor>
        <ChatFilterColor Tag="EFChatUIFilter_System_Force">0XFFb000</ChatFilterColor>
        <ChatFilterColor Tag="EFChatUIFilter_Tab_Alarm">0XFFFFFF</ChatFilterColor>
        <ChatOptionVersion>-1</ChatOptionVersion>
        <ChatUILock>0</ChatUILock>
        <ChatMinimize>0</ChatMinimize>
        <CalendarDisableAutoShow>0</CalendarDisableAutoShow>
        <CalendarUIPopupTime>2021-12-4 6:0:0:0</CalendarUIPopupTime>
        <CharacterInfoGemLastSort>1</CharacterInfoGemLastSort>
        <CharacterInfoGemEquipSort>1</CharacterInfoGemEquipSort>
        <CharacterInfoGemSkillSort>1</CharacterInfoGemSkillSort>
      </UIOption>
      <UITutorialData>
        <ActivateTutorial>0</ActivateTutorial>
        <ActivateTutorialRepeatCount>0</ActivateTutorialRepeatCount>
        <FinishedTutorial>
        </FinishedTutorial>
      </UITutorialData>
      <VoiceChat>
        <HudU>0.000000</HudU>
        <HudV>0.000000</HudV>
      </VoiceChat>
      <UIBattleFieldRewardLockTime />
    </ListGroupItem>
    <ListGroupItem>
      <CharacterName>Name_솔직히저는잘해요</CharacterName>
      <CharacterNumber>PCID_159343897</CharacterNumber>
      <LastWhisper />
      <LastEmoticon />
      <Music>
        <ReturnAreaName />
        <BookMarkCheck>0</BookMarkCheck>
      </Music>
      <Social>
        <BookMarkCheck>0</BookMarkCheck>
      </Social>
      <GameData>
        <LastNormalGuardianRaidId>0</LastNormalGuardianRaidId>
        <LastChallengeGuardianRaidId>0</LastChallengeGuardianRaidId>
        <LastEpicGuardianRaidId>0</LastEpicGuardianRaidId>
        <LastEpicGateZoneInfo>0</LastEpicGateZoneInfo>
        <LastEventEpicGateZoneInfo>0</LastEventEpicGateZoneInfo>
        <LastEpicGateCommanderZoneInfo>0</LastEpicGateCommanderZoneInfo>
      </GameData>
      <CurrencyData>
        <ExpandedCategory />
      </CurrencyData>
      <TokenItemData>
        <FoldedCategory />
        <CheckedOwnedItem>0</CheckedOwnedItem>
      </TokenItemData>
      <UIQuickMenu>
        <QuickMenuNewIconList Length="2">
          <ListItem>38</ListItem>
          <ListItem>3</ListItem>
        </QuickMenuNewIconList>
      </UIQuickMenu>
      <UIOption>
        <ChatOption Tag="ChatDefaultUIAlpha">65.000000</ChatOption>
        <ChatOption Tag="ChatDefaultFontSize">13.000000</ChatOption>
        <ChatOption Tag="FriendLogin">1.000000</ChatOption>
        <ChatOption Tag="FriendLogout">1.000000</ChatOption>
        <ChatOption Tag="GuildLogin">1.000000</ChatOption>
        <ChatOption Tag="GuildLogout">1.000000</ChatOption>
        <ChatOption Tag="RequestTrade">0.000000</ChatOption>
        <ChatOption Tag="RequestGuild">0.000000</ChatOption>
        <ChatOption Tag="RequestFriend">0.000000</ChatOption>
        <ChatOption Tag="RequestDuel">0.000000</ChatOption>
        <ChatOption Tag="RequestParty">0.000000</ChatOption>
        <ChatOption Tag="RequestKeepParty">0.000000</ChatOption>
        <ChatOption Tag="ChatTimeShow">1.000000</ChatOption>
        <ChatOption Tag="TtsChannel">0.000000</ChatOption>
        <ChatOption Tag="TtsSpeed">0.000000</ChatOption>
        <ChatOption Tag="TtsVolume">50.000000</ChatOption>
        <ChatFilterColor Tag="EFChatUIFilter_Normal">0xFFFFFF</ChatFilterColor>
        <ChatFilterColor Tag="EFChatUIFilter_Party">0x5FD4F2</ChatFilterColor>
        <ChatFilterColor Tag="EFChatUIFilter_Local">0xFDEBA3</ChatFilterColor>
        <ChatFilterColor Tag="EFChatUIFilter_Social">0xFA7FA5</ChatFilterColor>
        <ChatFilterColor Tag="EFChatUIFilter_Whisper">0xE69CFF</ChatFilterColor>
        <ChatFilterColor Tag="EFChatUIFilter_Guild">0x90EA6B</ChatFilterColor>
        <ChatFilterColor Tag="EFChatUIFilter_System_Infomation">0xFFEC50</ChatFilterColor>
        <ChatFilterColor Tag="EFChatUIFilter_System_Error">0xE75940</ChatFilterColor>
        <ChatFilterColor Tag="EFChatUIFilter_System_Warning">0xE73517</ChatFilterColor>
        <ChatFilterColor Tag="EFChatUIFilter_Gain_Self">0xFFEC50</ChatFilterColor>
        <ChatFilterColor Tag="EFChatUIFilter_Gain_Party">0xFFEC50</ChatFilterColor>
        <ChatFilterColor Tag="EFChatUIFilter_Experience">0xFFEC50</ChatFilterColor>
        <ChatFilterColor Tag="EFChatUIFilter_Money">0xFFEC50</ChatFilterColor>
        <ChatFilterColor Tag="EFChatUIFilter_Troop">0xFFA200</ChatFilterColor>
        <ChatFilterColor Tag="EFChatUIFilter_ColosseumRoom">0xFFB9A2</ChatFilterColor>
        <ChatFilterColor Tag="EFChatUIFilter_Friend">0Xffec50</ChatFilterColor>
        <ChatFilterColor Tag="EFChatUIFilter_Yell">0X56ffd6</ChatFilterColor>
        <ChatFilterColor Tag="EFChatUIFilter_GuildMaster">0x90EA6B</ChatFilterColor>
        <ChatFilterColor Tag="EFChatUIFilter_System_Force">0XFFb000</ChatFilterColor>
        <ChatFilterColor Tag="EFChatUIFilter_Tab_Alarm">0XFFFFFF</ChatFilterColor>
        <ChatOptionVersion>12</ChatOptionVersion>
        <ChatUILock>1</ChatUILock>
        <ChatTabOption>
          <ListGroupItem>
            <TabID>1</TabID>
            <TabOrder>0</TabOrder>
            <TabName>일반</TabName>
            <TabWindowMode>0</TabWindowMode>
            <TabPosRateX>0.000000</TabPosRateX>
            <TabPosRateY>0.991667</TabPosRateY>
            <TabSizeW>519.000000</TabSizeW>
            <TabSizeH>275.000000</TabSizeH>
            <TabTTS>0</TabTTS>
            <TabFilterFlags Length="21">
              <ListItem>1</ListItem>
              <ListItem>1</ListItem>
              <ListItem>0</ListItem>
              <ListItem>1</ListItem>
              <ListItem>1</ListItem>
              <ListItem>1</ListItem>
              <ListItem>1</ListItem>
              <ListItem>0</ListItem>
              <ListItem>1</ListItem>
              <ListItem>0</ListItem>
              <ListItem>0</ListItem>
              <ListItem>0</ListItem>
              <ListItem>0</ListItem>
              <ListItem>0</ListItem>
              <ListItem>1</ListItem>
              <ListItem>1</ListItem>
              <ListItem>0</ListItem>
              <ListItem>0</ListItem>
              <ListItem>0</ListItem>
              <ListItem>1</ListItem>
              <ListItem>1</ListItem>
            </TabFilterFlags>
          </ListGroupItem>
          <ListGroupItem>
            <TabID>2</TabID>
            <TabOrder>1</TabOrder>
            <TabName>시스템</TabName>
            <TabWindowMode>0</TabWindowMode>
            <TabPosRateX>0.001563</TabPosRateX>
            <TabPosRateY>0.962000</TabPosRateY>
            <TabSizeW>377.000000</TabSizeW>
            <TabSizeH>259.000000</TabSizeH>
            <TabTTS>0</TabTTS>
            <TabFilterFlags Length="21">
              <ListItem>0</ListItem>
              <ListItem>0</ListItem>
              <ListItem>0</ListItem>
              <ListItem>0</ListItem>
              <ListItem>0</ListItem>
              <ListItem>0</ListItem>
              <ListItem>0</ListItem>
              <ListItem>1</ListItem>
              <ListItem>1</ListItem>
              <ListItem>1</ListItem>
              <ListItem>0</ListItem>
              <ListItem>0</ListItem>
              <ListItem>1</ListItem>
              <ListItem>1</ListItem>
              <ListItem>1</ListItem>
              <ListItem>1</ListItem>
              <ListItem>1</ListItem>
              <ListItem>0</ListItem>
              <ListItem>1</ListItem>
              <ListItem>0</ListItem>
              <ListItem>0</ListItem>
            </TabFilterFlags>
          </ListGroupItem>
          <ListGroupItem>
            <TabID>10</TabID>
            <TabOrder>2</TabOrder>
            <TabName>지역</TabName>
            <TabWindowMode>0</TabWindowMode>
            <TabPosRateX>0.000000</TabPosRateX>
            <TabPosRateY>0.991667</TabPosRateY>
            <TabSizeW>517.000000</TabSizeW>
            <TabSizeH>259.000000</TabSizeH>
            <TabTTS>0</TabTTS>
            <TabFilterFlags Length="21">
              <ListItem>0</ListItem>
              <ListItem>0</ListItem>
              <ListItem>1</ListItem>
              <ListItem>0</ListItem>
              <ListItem>0</ListItem>
              <ListItem>0</ListItem>
              <ListItem>0</ListItem>
              <ListItem>0</ListItem>
              <ListItem>0</ListItem>
              <ListItem>0</ListItem>
              <ListItem>0</ListItem>
              <ListItem>0</ListItem>
              <ListItem>0</ListItem>
              <ListItem>0</ListItem>
              <ListItem>0</ListItem>
              <ListItem>0</ListItem>
              <ListItem>1</ListItem>
              <ListItem>0</ListItem>
              <ListItem>0</ListItem>
              <ListItem>0</ListItem>
              <ListItem>0</ListItem>
            </TabFilterFlags>
          </ListGroupItem>
        </ChatTabOption>
        <ChatMinimize>0</ChatMinimize>
        <CalendarDisableAutoShow>0</CalendarDisableAutoShow>
        <CalendarUIPopupTime>2021-12-28 6:0:0:0</CalendarUIPopupTime>
        <CharacterInfoGemLastSort>0</CharacterInfoGemLastSort>
        <CharacterInfoGemEquipSort>0</CharacterInfoGemEquipSort>
        <CharacterInfoGemSkillSort>0</CharacterInfoGemSkillSort>
      </UIOption>
      <UITutorialData>
        <ActivateTutorial>0</ActivateTutorial>
        <ActivateTutorialRepeatCount>0</ActivateTutorialRepeatCount>
        <FinishedTutorial>0,530000,1010800,1007700,1011000,1002200,1000100,1010900,1011100,1011200,1011300,1250400,1011400,</FinishedTutorial>
      </UITutorialData>
      <VoiceChat>
        <HudU>0.000000</HudU>
        <HudV>0.000000</HudV>
      </VoiceChat>
      <UIBattleFieldRewardLockTime />
    </ListGroupItem>
  </PCOptions>
  <WorldOptions>
    <ListGroupItem>
      <WorldId>12</WorldId>
      <Honor>
        <NewHonorPREFIXList />
        <NewHonorPOSTFIXList>낚시꾼,</NewHonorPOSTFIXList>
        <NewHonorCOMPOUNDList />
      </Honor>
      <UIQuickMenu>
        <QuickMenuNewIconList Length="1">
          <ListItem>26</ListItem>
        </QuickMenuNewIconList>
      </UIQuickMenu>
      <OpenChat>
        <Slider>100</Slider>
        <NoticePosLock>1</NoticePosLock>
        <RoomPosX>-1.000000</RoomPosX>
        <RoomPosY>-1.000000</RoomPosY>
        <RoomSizeX>398.000000</RoomSizeX>
        <RoomSizeY>485.000000</RoomSizeY>
        <TownRoomPosX>-1.000000</TownRoomPosX>
        <TownRoomPosY>-1.000000</TownRoomPosY>
        <TownRoomSizeX>398.000000</TownRoomSizeX>
        <TownRoomSizeY>485.000000</TownRoomSizeY>
        <NoticePosX>-1.000000</NoticePosX>
        <NoticePosY>-1.000000</NoticePosY>
        <TownNoticePosX>-1.000000</TownNoticePosX>
        <TownNoticePosY>-1.000000</TownNoticePosY>
      </OpenChat>
      <ScheduleData>
        <IgnoreRewardAlarm>1</IgnoreRewardAlarm>
      </ScheduleData>
    </ListGroupItem>
    <ListGroupItem>
      <WorldId>10</WorldId>
      <Honor>
        <NewHonorPREFIXList />
        <NewHonorPOSTFIXList />
        <NewHonorCOMPOUNDList />
      </Honor>
      <UIQuickMenu />
      <OpenChat>
        <Slider>100</Slider>
        <NoticePosLock>1</NoticePosLock>
        <RoomPosX>-1.000000</RoomPosX>
        <RoomPosY>-1.000000</RoomPosY>
        <RoomSizeX>398.000000</RoomSizeX>
        <RoomSizeY>485.000000</RoomSizeY>
        <TownRoomPosX>-1.000000</TownRoomPosX>
        <TownRoomPosY>-1.000000</TownRoomPosY>
        <TownRoomSizeX>398.000000</TownRoomSizeX>
        <TownRoomSizeY>485.000000</TownRoomSizeY>
        <NoticePosX>-1.000000</NoticePosX>
        <NoticePosY>-1.000000</NoticePosY>
        <TownNoticePosX>-1.000000</TownNoticePosX>
        <TownNoticePosY>-1.000000</TownNoticePosY>
      </OpenChat>
      <ScheduleData>
        <IgnoreRewardAlarm>1</IgnoreRewardAlarm>
      </ScheduleData>
    </ListGroupItem>
  </WorldOptions>
  <GuildMemberViewOption>
    <CheckOnline>1</CheckOnline>
  </GuildMemberViewOption>
  <UIPetHighlightData />
</AccountUserOption>