<?xml version="1.0" encoding="utf-8"?>
<UserOption>
	<Version Value="1.002000"/>
	<DataInfo Type="13" Index="0"/>
	<DeviceInfoData>
		<FirstExcute>0</FirstExcute>
		<FirstResolutionCheck>0</FirstResolutionCheck>
		<BaseGraphicOptionGrade>0</BaseGraphicOptionGrade>
		<CPUName>Intel(R) Core(TM) i7-9700K CPU @ 3.60GHz</CPUName>
		<CPUNumberOfCore>8</CPUNumberOfCore>
		<GPUName>NVIDIA GeForce RTX 2070 SUPER</GPUName>
		<GPUVenderId>1</GPUVenderId>
		<PhysicalMemoryGB>16</PhysicalMemoryGB>
		<CPUBenchmark>172.249756</CPUBenchmark>
		<GPUBenchmark>380.681885</GPUBenchmark>
		<GPUBenchmarkFactor>1.000000</GPUBenchmarkFactor>
		<ResolutionWidth>1920</ResolutionWidth>
		<ResolutionHeight>1080</ResolutionHeight>
		<NeedBenchmarkUpdate>0</NeedBenchmarkUpdate>
		<MarkUpdateFlag>0</MarkUpdateFlag>
		<BenchmarkVersion>0</BenchmarkVersion>
	</DeviceInfoData>
	<GraphicOptionData>
		<VideoOption Tag="MouseLock">0.000000</VideoOption>
		<VideoOption Tag="GraphicQuality">4.000000</VideoOption>
		<VideoOption Tag="TextureQuality">0.000000</VideoOption>
		<VideoOption Tag="ShadowQuality">2.000000</VideoOption>
		<VideoOption Tag="ModelQuality">0.000000</VideoOption>
		<VideoOption Tag="ParticleQuality">3.000000</VideoOption>
		<VideoOption Tag="AntialiasingUsed">1.000000</VideoOption>
		<VideoOption Tag="AmbientOcclusionUsed">0.000000</VideoOption>
		<VideoOption Tag="SetHUDScale">1.000000</VideoOption>
		<VideoOption Tag="WideMonitorMode">0.000000</VideoOption>
		<VideoOption Tag="OutFocusing">1.000000</VideoOption>
		<VideoOption Tag="MonitorGamma">50.000000</VideoOption>
		<VideoOption Tag="AutoOptimization">50.000000</VideoOption>
		<VideoOption Tag="BloomUsed">0.000000</VideoOption>
		<VideoOption Tag="LightShaftUsed">0.000000</VideoOption>
		<VideoOption Tag="DistortionUsed">0.000000</VideoOption>
		<VideoOption Tag="MotionBlurUsed">0.000000</VideoOption>
		<Version>0</Version>
		<CurrentResolutionData>
			<ResolutionX>1920</ResolutionX>
			<ResolutionY>1080</ResolutionY>
			<FullScreen>0</FullScreen>
			<Borderless>1</Borderless>
		</CurrentResolutionData>
		<CurrentSettingData>
			<RenderingQuality>0</RenderingQuality>
			<TextureQuality>0</TextureQuality>
			<ShadowQuality>0</ShadowQuality>
			<ModelQuality>0</ModelQuality>
			<ParticleQuality>0</ParticleQuality>
			<ShaderQualityImprove>1</ShaderQualityImprove>
			<AntialiasingUsed>0</AntialiasingUsed>
			<AmbientOcclusionUsed>1</AmbientOcclusionUsed>
			<ScreenFilterEffectUsed>1</ScreenFilterEffectUsed>
			<DepthOfFieldImprove>0</DepthOfFieldImprove>
			<BloomUsed>356260224</BloomUsed>
			<LightShaftUsed>505</LightShaftUsed>
			<DistortionUsed>16</DistortionUsed>
			<MotionBlurUsed>-1</MotionBlurUsed>
		</CurrentSettingData>
	</GraphicOptionData>
	<SoundOptionData>
		<AudioOption Tag="MasterVolume">40.000000</AudioOption>
		<AudioOption Tag="EnableMasterSound">1.000000</AudioOption>
		<AudioOption Tag="SystemVolume">50.000000</AudioOption>
		<AudioOption Tag="EnableSystemVolume">1.000000</AudioOption>
		<AudioOption Tag="UIVolume">33.000000</AudioOption>
		<AudioOption Tag="EnableUIVolume">1.000000</AudioOption>
		<AudioOption Tag="BGMVolume">25.000000</AudioOption>
		<AudioOption Tag="EnableBGMSound">1.000000</AudioOption>
		<AudioOption Tag="VoiceVolume">44.000000</AudioOption>
		<AudioOption Tag="EnableVoiceVolume">1.000000</AudioOption>
		<AudioOption Tag="AmbientVolume">45.000000</AudioOption>
		<AudioOption Tag="EnableAmbientVolume">1.000000</AudioOption>
		<AudioOption Tag="EffectVolume">65.000000</AudioOption>
		<AudioOption Tag="EnableEffectVolume">1.000000</AudioOption>
		<AudioOption Tag="EnableBackgroundSound">0.000000</AudioOption>
		<AudioOption Tag="EnableSkillCoolTime">0.000000</AudioOption>
		<AudioOption Tag="HardwareIndex">5.000000</AudioOption>
		<AudioOption Tag="ChatVolume">50.000000</AudioOption>
		<AudioOption Tag="MicDevice">0.000000</AudioOption>
		<AudioOption Tag="MicVolume">50.000000</AudioOption>
		<AudioOption Tag="MicType">0.000000</AudioOption>
		<AudioOption Tag="ChatEntrance">1.000000</AudioOption>
		<AudioOption Tag="ChatShow">1.000000</AudioOption>
		<AudioOption Tag="ChatTran">60.000000</AudioOption>
		<AudioOption Tag="LanguageSelection">0.000000</AudioOption>
	</SoundOptionData>
	<SaveAccountOptionData>
		<AccountID/>
		<AccountPW/>
		<RegionID/>
	</SaveAccountOptionData>
</UserOption>

